{
    "accuracy": 0.7693661971830986,
    "precision": 0.7680923747550871,
    "recall": 0.7693661971830986,
    "f1_score": 0.768398922831246
}