{
    "Arbol_Muerto": {
        "Correct": 100,
        "Total": 120,
        "Accuracy": 0.8333333333333334
    },
    "Struthanthus_Interruptus": {
        "Correct": 78,
        "Total": 120,
        "Accuracy": 0.65
    },
    "Urbano": {
        "Correct": 100,
        "Total": 120,
        "Accuracy": 0.8333333333333334
    },
    "Vegetacion": {
        "Correct": 95,
        "Total": 120,
        "Accuracy": 0.7916666666666666
    }
}