{
    "Arbol_Muerto": {
        "Correct": 102,
        "Total": 120,
        "Accuracy": 0.85
    },
    "Struthanthus_Interruptus": {
        "Correct": 80,
        "Total": 120,
        "Accuracy": 0.6666666666666666
    },
    "Urbano": {
        "Correct": 91,
        "Total": 120,
        "Accuracy": 0.7583333333333333
    },
    "Vegetacion": {
        "Correct": 92,
        "Total": 120,
        "Accuracy": 0.7666666666666667
    }
}