{
    "accuracy": 0.7625,
    "precision": 0.7644839843437975,
    "recall": 0.7625,
    "f1_score": 0.7613357246445993
}