{
    "accuracy": 0.7770833333333333,
    "precision": 0.7769847978108848,
    "recall": 0.7770833333333333,
    "f1_score": 0.7762334573052162
}