{
    "accuracy": 0.7272727272727273,
    "precision": 0.735042735042735,
    "recall": 0.7272727272727273,
    "f1_score": 0.7250000000000001
}