{
    "accuracy": 0.8069207856278507,
    "precision": 0.8136706501760708,
    "recall": 0.8069207856278507,
    "f1_score": 0.8061056100949525
}